"method","n_spectra","n_peaks","object_MB","reps","write_s","write_sd","read_s","read_sd","bytes","MB","write_runs_s","read_runs_s","error"
"saveRDS",500,1385615,22.63052,5,1.006,0.0502991053598365,0.161999999999998,0.019235384061672,15715047,15.715047,"1.01;0.96;1.09;0.99;0.98","0.14;0.19;0.16;0.17;0.15",NA
"qs2",500,1385615,22.63052,5,0.132000000000002,0.0228035085019829,0.0460000000000008,0.00547722557505317,15371986,15.371986,"0.13;0.17;0.13;0.11;0.12","0.04;0.05;0.05;0.05;0.04",NA
"alabaster",500,1385615,22.63052,5,2.856,0.145361618042728,0.439999999999998,0.0331662479035624,19302477,19.302477,"3.11;2.8;2.76;2.77;2.84","0.45;0.49;0.43;0.43;0.4",NA
"saveRDS",2000,7590324,123.244264,5,5.256,0.0482700735445939,0.834000000000003,0.0181659021245778,85405423,85.405423,"5.2;5.24;5.32;5.29;5.23","0.84;0.83;0.81;0.86;0.83",NA
"qs2",2000,7590324,123.244264,5,0.715999999999997,0.03209361307177,0.266000000000003,0.0409878030638483,82516540,82.51654,"0.72;0.7;0.77;0.7;0.69","0.22;0.28;0.28;0.32;0.23",NA
"alabaster",2000,7590324,123.244264,5,12.216,0.486034978165145,1.598,0.358845370598515,103095873,103.095873,"11.9;11.77;12.5;11.98;12.93","1.46;2.23;1.53;1.41;1.36",NA
"saveRDS",5000,19090884,309.77348,5,12.748,0.38745322298311,2.21800000000001,0.135535973084643,214324160,214.32416,"12.49;12.65;12.64;12.53;13.43","2.15;2.11;2.1;2.37;2.36",NA
"qs2",5000,19090884,309.77348,5,1.55599999999999,0.0409878030638413,0.601999999999998,0.0571839138219943,207191852,207.191852,"1.59;1.53;1.53;1.52;1.61","0.61;0.64;0.56;0.67;0.53",NA
"alabaster",5000,19090884,309.77348,5,28.154,0.6510606730559,3.778,0.294906764927496,259059154,259.059154,"29.16;27.58;28.14;27.58;28.31","3.78;3.37;4;3.63;4.11",NA
"saveRDS",8000,30408547,493.3766,5,21.096,0.170675129998531,3.70999999999999,0.165378354085386,341467408,341.467408,"21.14;20.81;21.14;21.27;21.12","3.88;3.51;3.77;3.83;3.56",NA
"qs2",8000,30408547,493.3766,5,2.84400000000001,0.167122709408381,1.1,0.05567764362827,329733226,329.733226,"2.97;3;2.6;2.75;2.9","1.19;1.05;1.09;1.06;1.11",NA
"alabaster",8000,30408547,493.3766,5,44.066,1.15472074546188,5.56200000000001,0.354146862191404,412744144,412.744144,"44.92;43.42;45.16;44.45;42.38","5.34;5.48;5.22;5.64;6.13",NA
"saveRDS",17210,67469888,1094.095736,5,42.16,0.388007731881726,6.98800000000001,0.0936482781474601,756751074,756.751074,"41.78;41.89;42.69;42.44;42","7.02;7.08;7.01;6.83;7",NA
"qs2",17210,67469888,1094.095736,5,5.16599999999999,0.0350713558335203,2.13199999999997,0.345933519624809,731281648,731.281648,"5.16;5.11;5.2;5.17;5.19","1.97;2.74;1.97;1.9;2.08",NA
"alabaster",17210,67469888,1094.095736,5,84.696,0.453243863720227,11.95,0.305122926047756,913833923,913.833923,"84.3;85.46;84.63;84.42;84.67","11.67;11.94;11.72;11.98;12.44",NA
